Day,Month,Year, Last Price, Lowest Price, Highest Price, Volume
18,Haziran,2019,13.22,13.02,13.28,851977943
17,Haziran,2019,13.02,12.62,13.05,824603822
14,Haziran,2019,12.68,12.56,12.86,742553611
13,Haziran,2019,12.65,12.64,12.93,649793915
12,Haziran,2019,12.95,12.92,13.15,820195573
11,Haziran,2019,12.92,12.72,13.34,950575864
10,Haziran,2019,13.26,12.92,13.4,797446726
7,Haziran,2019,13.03,12.43,13.06,830484808
3,Haziran,2019,12.44,12.39,12.57,198656535
31,Mayıs,2019,12.49,12.35,12.55,685620115
30,Mayıs,2019,12.45,12.25,12.45,968808470
29,Mayıs,2019,12.13,11.89,12.32,996860192
28,Mayıs,2019,12.08,11.99,12.23,804262183
27,Mayıs,2019,11.86,11.77,12.15,589386472
24,Mayıs,2019,11.96,11.72,12.21,947727292
23,Mayıs,2019,11.8,11.21,11.83,975494899
22,Mayıs,2019,11.26,11.24,11.87,847055896
21,Mayıs,2019,11.71,11.62,12.19,740677147
20,Mayıs,2019,12.09,11.92,12.17,630355850
17,Mayıs,2019,12.02,12.01,12.31,655449580
16,Mayıs,2019,12.27,12.15,12.41,970271415
15,Mayıs,2019,12.1,11.92,12.57,1086859912
14,Mayıs,2019,12.5,12.13,12.53,900122340
13,Mayıs,2019,12.36,11.82,12.43,1100749283
10,Mayıs,2019,12.15,12,12.7,1157171003
9,Mayıs,2019,12.46,12.43,13.16,894991795
8,Mayıs,2019,12.96,12.94,13.62,910977011
7,Mayıs,2019,13.52,13.35,13.7,606979387
6,Mayıs,2019,13.8,13.44,13.85,525780119
3,Mayıs,2019,13.9,13.85,14.15,510316581
2,Mayıs,2019,14.07,14,14.65,705615417
30,Nisan,2019,14.31,14.19,14.45,611527788
29,Nisan,2019,14.22,13.94,14.3,657627489
26,Nisan,2019,13.92,13.66,14,555105468
25,Nisan,2019,13.73,13.63,14.11,746548943
24,Nisan,2019,14.04,13.93,14.24,707631607
22,Nisan,2019,13.93,13.9,14.05,335640304
19,Nisan,2019,14.15,14.15,14.43,443126344
18,Nisan,2019,14.33,14.19,14.45,594565614
17,Nisan,2019,14.35,14.2,14.56,856444030
16,Nisan,2019,14.35,14.03,14.4,1091899941
15,Nisan,2019,13.94,13.86,14.11,653450252
12,Nisan,2019,13.89,13.82,14.06,651426329
11,Nisan,2019,14.03,13.79,14.21,1008174429
10,Nisan,2019,13.97,13.97,14.51,772980881
9,Nisan,2019,14.46,14.33,14.63,1093897597
8,Nisan,2019,14.16,14.05,14.66,1103980077
5,Nisan,2019,14.55,14.18,14.59,1462343388
4,Nisan,2019,14.31,13.34,14.33,1519150854
3,Nisan,2019,13.4,13.05,13.41,965371114
2,Nisan,2019,12.97,12.8,13.19,873643150
1,Nisan,2019,13,12.48,13.29,1306882253
29,Mart,2019,12.93,12.55,13.02,1115242409
28,Mart,2019,12.6,12.41,13.17,1615271109
27,Mart,2019,12.73,12.66,13.62,1049429403
26,Mart,2019,13.48,13.36,14.26,1081566982
25,Mart,2019,14.06,13.08,14.1,1354648988
22,Mart,2019,13.49,13.44,14.26,1263715831
21,Mart,2019,14.14,13.98,14.6,1504801909
20,Mart,2019,14.22,14.14,14.37,1126050479
19,Mart,2019,14.2,13.85,14.42,1881452994
18,Mart,2019,13.97,13.25,13.98,1559352099
15,Mart,2019,12.98,12.89,13.08,567172364
14,Mart,2019,13.03,12.73,13.1,886013917
13,Mart,2019,12.76,12.71,13.11,1074631487
12,Mart,2019,13.1,12.89,13.15,834500542
11,Mart,2019,12.96,12.86,13.44,1204442277
8,Mart,2019,13.21,13.04,13.83,1288428309
7,Mart,2019,13.7,13.59,14.34,1059478520
6,Mart,2019,14.11,14.08,14.46,1081827086
5,Mart,2019,14.27,13.73,14.36,1672251701
4,Mart,2019,13.91,13.88,14.09,514502902
1,Mart,2019,13.97,13.87,14.22,614896398
28,Şubat,2019,14.14,14.02,14.28,955941207
27,Şubat,2019,14,13.95,14.45,838824203
26,Şubat,2019,14.39,13.91,14.46,986151601
25,Şubat,2019,14.03,13.97,14.51,1084269848
22,Şubat,2019,14.12,13.69,14.21,1045619546
21,Şubat,2019,13.64,13.42,13.75,866385564
20,Şubat,2019,13.43,13.35,13.52,898936506
19,Şubat,2019,13.34,13.24,13.57,907113321
18,Şubat,2019,13.34,13.29,13.95,1257442109
15,Şubat,2019,13.69,13.58,14.18,1401184505
14,Şubat,2019,14.16,13.35,14.6,2152286264
13,Şubat,2019,13.8,13.74,14.65,1660937822
12,Şubat,2019,14.45,14.41,15.29,1396899365
11,Şubat,2019,15.24,14.77,15.24,1109066197
8,Şubat,2019,14.71,14.55,14.79,746472286
7,Şubat,2019,14.65,14.63,15.01,1108117357
6,Şubat,2019,14.85,14.3,14.87,1216900863
5,Şubat,2019,14.51,14.43,15.1,1060876252
4,Şubat,2019,14.95,14.76,15.12,813557637
1,Şubat,2019,14.76,14.68,15.47,1090920954
31,Ocak,2019,15.42,15.16,16.17,1453495464
30,Ocak,2019,15.81,15.07,15.85,1700313621
29,Ocak,2019,15.2,15.07,15.24,969382951
28,Ocak,2019,15.06,14.68,15.15,1663458952
25,Ocak,2019,14.67,14.64,14.88,701361183
24,Ocak,2019,14.76,14.63,14.89,914127247
23,Ocak,2019,14.69,14.38,14.77,1373406225
22,Ocak,2019,14.4,14.26,14.69,1185116607
21,Ocak,2019,14.54,14.49,14.96,1608302088
18,Ocak,2019,14.44,14.19,14.6,1370502818
17,Ocak,2019,14.17,14.17,14.69,1644261678
16,Ocak,2019,14.39,14.14,14.75,1406037631
15,Ocak,2019,14.59,14.56,15.17,1268364585
14,Ocak,2019,15.03,14.85,15.09,626081199
11,Ocak,2019,15.08,15,15.23,691940947
10,Ocak,2019,14.96,14.91,15.31,963444931
9,Ocak,2019,14.95,14.89,15.18,504342446
8,Ocak,2019,15.11,14.86,15.17,519866157
7,Ocak,2019,15.06,14.96,15.38,739501789
4,Ocak,2019,15.11,14.82,15.45,808994445
3,Ocak,2019,15.14,15.09,16,974729532
2,Ocak,2019,15.72,15.65,16.25,799409613
31,Aralık,2018,16.11,15.91,16.13,212528628
29,Aralık,2018,16.01,15.87,16.33,411598180
28,Aralık,2018,16.01,15.87,16.33,412204879
27,Aralık,2018,16.25,16.2,16.41,514901616
26,Aralık,2018,16.16,16.14,16.3,232649586
25,Aralık,2018,16.18,16.1,16.37,288558048
24,Aralık,2018,16.16,16.15,16.52,388696756
22,Aralık,2018,16.33,16.07,16.58,737077301
21,Aralık,2018,16.33,16.07,16.58,737077138
20,Aralık,2018,16.37,15.74,16.4,1009805572
19,Aralık,2018,16.17,15.58,16.22,742432468
18,Aralık,2018,15.41,14.69,15.44,593927196
17,Aralık,2018,14.69,14.69,15.13,421735913
15,Aralık,2018,14.88,14.76,15.34,521265797
14,Aralık,2018,14.96,14.76,15.34,545910385
13,Aralık,2018,15.4,15.29,15.5,394314869
12,Aralık,2018,15.25,15.23,16.13,643338943
11,Aralık,2018,15.96,15.89,16.25,442348139
10,Aralık,2018,16.1,16.08,16.36,417014354
8,Aralık,2018,16.19,16.05,16.58,694305083
7,Aralık,2018,16.19,16.05,16.58,694630502
6,Aralık,2018,16.39,16.03,16.49,610377311
5,Aralık,2018,16.33,15.86,16.39,708616016
4,Aralık,2018,15.96,15.85,16.63,883825378
3,Aralık,2018,16.3,16.26,17.15,834867847
30,Kasım,2018,17,16.77,17.06,651608254
29,Kasım,2018,16.95,16.88,17.42,711726661
28,Kasım,2018,17.23,17.1,17.35,633856772
27,Kasım,2018,17.08,16.86,17.24,551208301
26,Kasım,2018,17.11,16.88,17.33,896979766
23,Kasım,2018,16.89,16.28,16.91,910121817
22,Kasım,2018,16.29,16.03,16.43,563551437
21,Kasım,2018,16.4,16.01,16.44,794134336
20,Kasım,2018,15.85,15.8,16.34,610992597
19,Kasım,2018,16.35,15.98,16.52,822976740
17,Kasım,2018,15.97,15.9,16.5,776383072
16,Kasım,2018,15.97,15.9,16.5,801732022
15,Kasım,2018,16.18,15.75,16.5,1021116436
14,Kasım,2018,16.2,15.47,16.25,1274088430
13,Kasım,2018,15.49,14.74,15.57,816773459
12,Kasım,2018,14.78,14.78,15.24,550663890
10,Kasım,2018,15.17,14.5,15.24,890488690
9,Kasım,2018,15.17,14.5,15.24,909841306
8,Kasım,2018,14.65,14.64,15.69,1299246634
7,Kasım,2018,15.59,14.7,15.62,953851987
6,Kasım,2018,14.72,14.72,15.45,896870390
5,Kasım,2018,15.28,15.08,15.43,714181203
3,Kasım,2018,15.23,14.34,15.6,1244598299
2,Kasım,2018,15.23,14.34,15.6,1245533512
1,Kasım,2018,14.6,13.85,14.68,931263167
31,Ekim,2018,14.05,13.98,14.76,928751330
30,Ekim,2018,14.6,14.37,15.58,1290084674
27,Ekim,2018,15.46,15.36,15.97,680023492
26,Ekim,2018,15.46,15.36,15.97,680476068
25,Ekim,2018,15.94,15.31,15.94,732175801
24,Ekim,2018,15.54,15.5,15.91,789300692
23,Ekim,2018,15.53,15.09,15.72,895727076
22,Ekim,2018,15.72,15.55,16.41,950264148
20,Ekim,2018,16.19,16,16.7,1051052883
19,Ekim,2018,16.19,16,16.7,1051104610
18,Ekim,2018,16.55,16.45,16.91,992342527
17,Ekim,2018,16.55,16.37,17.61,1395968282
16,Ekim,2018,17.43,17.37,18.02,1023603799
15,Ekim,2018,18.08,17.65,18.13,998122790
13,Ekim,2018,17.49,16.39,17.49,1262424639
12,Ekim,2018,17.49,16.39,17.49,1263855793
11,Ekim,2018,16.5,16.31,16.86,682195523
10,Ekim,2018,16.7,16.67,17.68,691257450
9,Ekim,2018,17.57,17.41,18.03,888230237
8,Ekim,2018,17.83,17.35,17.87,749583137
6,Ekim,2018,17.57,17.06,17.64,729785063
5,Ekim,2018,17.57,17.06,17.64,762566003
4,Ekim,2018,17.08,17.08,17.83,745230216
3,Ekim,2018,17.74,17.73,18.37,807131006
2,Ekim,2018,18.08,18,18.77,821611368
1,Ekim,2018,18.62,18.61,19.21,684260407
29,Eylül,2018,19.09,19.01,19.27,671231576
28,Eylül,2018,19.09,19.01,19.27,673180665
27,Eylül,2018,19.1,19.08,19.54,1140148822
26,Eylül,2018,19.22,18.93,19.22,635626632
25,Eylül,2018,18.84,18.81,19.35,984873330
24,Eylül,2018,19.19,18.36,19.34,1777652988
22,Eylül,2018,18.53,18.16,18.47,892560185
21,Eylül,2018,18.53,18.16,18.53,897134946
20,Eylül,2018,18.12,18.05,18.52,870032183
19,Eylül,2018,18.4,18.23,18.52,778280860
18,Eylül,2018,18.2,17.73,18.24,1085006754
17,Eylül,2018,17.66,17.45,17.86,755867229
14,Eylül,2018,17.73,17.73,18.42,1134443687
13,Eylül,2018,18.19,17.19,18.26,2032408778
12,Eylül,2018,18,17.82,18.74,1594516617
11,Eylül,2018,17.95,17.04,17.97,1088504013
10,Eylül,2018,17,17,17.41,552204322
8,Eylül,2018,17.15,16.97,17.33,736176271
7,Eylül,2018,17.15,16.97,17.33,736176271
6,Eylül,2018,17.06,17.06,17.39,632487379
5,Eylül,2018,17.2,16.83,17.32,925121705
4,Eylül,2018,16.97,16.65,17.19,839871939
3,Eylül,2018,17.11,16.19,17.14,1017881055
1,Eylül,2018,16.28,16.24,16.61,506713943
31,Ağustos,2018,16.28,16.24,16.61,506766202
29,Ağustos,2018,16.56,16.43,16.76,739092886
28,Ağustos,2018,16.77,16.45,16.81,891427884
27,Ağustos,2018,16.48,16.22,16.66,860017037
21,Ağustos,2018,16,15.34,16.11,383229430
20,Ağustos,2018,16,15.34,16.11,383326070
18,Ağustos,2018,15.37,13.99,15.45,1456138088
17,Ağustos,2018,15.37,13.99,15.45,1456139625
16,Ağustos,2018,15.52,15.39,16.34,1069826499
15,Ağustos,2018,15.89,15.77,17.7,1807251818
14,Ağustos,2018,17.2,17.02,17.39,1104301498
13,Ağustos,2018,16.55,16.27,17.32,1928993001
11,Ağustos,2018,17.03,15.85,17.78,2224162815
10,Ağustos,2018,17.03,15.85,17.78,2224694986
9,Ağustos,2018,17.35,16.76,17.93,2689556123
8,Ağustos,2018,17.36,17.22,17.42,1123964008
7,Ağustos,2018,17.24,17.12,17.52,1850419472
6,Ağustos,2018,17,16.89,17.43,1159234552
4,Ağustos,2018,17.41,16.88,17.43,1392501429
3,Ağustos,2018,17.41,16.88,17.43,1392501429
2,Ağustos,2018,16.85,16.5,17.06,1336913129
1,Ağustos,2018,17.11,17.08,17.52,1271902229
31,Temmuz,2018,17.28,16.72,17.28,1417478390
30,Temmuz,2018,16.79,16.51,17.01,1143719094
27,Temmuz,2018,16.7,16.11,16.81,1642034207
26,Temmuz,2018,16.45,15.95,17.19,1340343260
25,Temmuz,2018,17.12,15.97,18.19,1954386710
24,Temmuz,2018,15.9,15.65,16.63,1543937312
23,Temmuz,2018,16.56,16.18,16.72,1608514223
21,Temmuz,2018,16.06,16.02,16.25,939169700
20,Temmuz,2018,16.06,16.02,16.25,939180942
19,Temmuz,2018,16.07,15.97,16.37,1379423512
18,Temmuz,2018,16.08,15.45,16.46,2406809608
17,Temmuz,2018,15.9,15.08,15.98,1714038290
16,Temmuz,2018,15.11,14.67,15.19,1629223814
14,Temmuz,2018,14.7,14.12,14.75,1420460055
13,Temmuz,2018,14.67,14.12,14.75,1422542770
12,Temmuz,2018,14.28,13.57,14.29,2082780683
11,Temmuz,2018,13.55,13.5,14.44,1686253557
10,Temmuz,2018,14.3,13.97,14.97,2065157232
9,Temmuz,2018,15.01,14.63,15.28,1752745215
7,Temmuz,2018,14.42,14.2,14.58,1084127720
6,Temmuz,2018,14.42,14.2,14.58,1156257358
5,Temmuz,2018,14.37,13.94,14.44,1469725872
4,Temmuz,2018,13.91,13.77,13.96,715037558
3,Temmuz,2018,13.8,13.71,14.01,1072712561
2,Temmuz,2018,13.99,13.43,14.02,1173906842
29,Haziran,2018,13.54,13.43,13.94,810652174
28,Haziran,2018,13.66,13.51,13.97,1301349650
27,Haziran,2018,13.78,12.84,13.83,1390167561
26,Haziran,2018,12.98,12.53,13,902941413
25,Haziran,2018,12.6,12.39,14.1,1326273524
22,Haziran,2018,12.9,12.62,13.07,717476507
21,Haziran,2018,12.96,12.6,13.07,833321046
20,Haziran,2018,12.64,12.59,13.05,898690947
19,Haziran,2018,12.84,12.3,13.01,900023350
18,Haziran,2018,12.52,12.49,12.94,475684830
14,Haziran,2018,12.86,12.64,13.07,415643780
13,Haziran,2018,12.85,12.78,13.56,890400887
12,Haziran,2018,13.25,13.11,14.03,1064225038
11,Haziran,2018,14.07,12.75,14.21,1724575898
8,Haziran,2018,13.47,13.46,15.1,1410920817
7,Haziran,2018,15.15,14.97,15.53,908466968
6,Haziran,2018,15.27,15.07,16.13,882798430
5,Haziran,2018,16,15.9,16.52,463965899
4,Haziran,2018,16.3,16.23,16.73,540938379
1,Haziran,2018,16.55,16.34,16.75,545420313
31,Mayıs,2018,16.65,16.39,17.49,865787560
30,Mayıs,2018,17.32,17.28,17.64,658247792
29,Mayıs,2018,17.46,17.27,17.58,659356079
28,Mayıs,2018,17.55,16.83,17.55,1074684061
25,Mayıs,2018,16.58,15.56,16.62,1205087224
24,Mayıs,2018,15.66,15.63,16.93,887986261
23,Mayıs,2018,16.66,16.39,16.78,642015547
22,Mayıs,2018,16.75,16.55,17.04,665442471
21,Mayıs,2018,16.9,16.24,16.92,751716688
18,Mayıs,2018,16.35,16.16,16.5,349354465
17,Mayıs,2018,16.25,16.22,16.66,501297514
16,Mayıs,2018,16.5,16.49,16.84,589836705
15,Mayıs,2018,16.7,16.43,16.83,594252161
14,Mayıs,2018,16.8,16.27,16.92,689665693
11,Mayıs,2018,16.3,16.3,16.6,567487920
10,Mayıs,2018,16.47,16.37,17.06,1083234255
9,Mayıs,2018,16.5,15.46,16.62,1029983055
8,Mayıs,2018,16.02,15.96,16.71,740923637
7,Mayıs,2018,16.58,16.37,16.81,752261344
4,Mayıs,2018,16.5,16.43,16.99,1082751582
3,Mayıs,2018,16.75,16.68,17.08,803966488
2,Mayıs,2018,17.08,16.57,17.08,1294915644
30,Nisan,2018,16.71,16.62,17.55,753228704
27,Nisan,2018,17.42,16.98,17.6,1326557067
26,Nisan,2018,17.06,16.89,17.47,1079528989
25,Nisan,2018,17.25,16.86,17.94,1589659035
24,Nisan,2018,17.52,17.45,18.28,1161249692
20,Nisan,2018,18.25,18.08,18.85,1188004498
19,Nisan,2018,18.87,18.64,19.08,1210610801
18,Nisan,2018,19.05,17.78,19.06,2302498134
17,Nisan,2018,18.2,18.01,19.46,1940823986
16,Nisan,2018,19.15,18.34,19.15,1060424078
13,Nisan,2018,18.26,18.1,18.76,863182121
12,Nisan,2018,18.59,18,18.87,1453356213
11,Nisan,2018,18.6,17.45,19.53,1908147010
10,Nisan,2018,19.22,18.89,19.89,1260469482
9,Nisan,2018,19.77,19.47,20.02,996335313
6,Nisan,2018,19.67,19.38,19.84,1206104078
5,Nisan,2018,19.46,19.11,19.62,1095673650
4,Nisan,2018,19.36,19.11,19.53,928580532
3,Nisan,2018,19.43,19.02,19.66,1516552398
2,Nisan,2018,19.04,19,19.24,489253167
30,Mart,2018,19.11,19.05,19.66,937791833
29,Mart,2018,19.41,18.57,19.41,1192301938
28,Mart,2018,18.58,18.39,19.14,1078796010
27,Mart,2018,18.94,18.9,19.6,908767158
26,Mart,2018,19.21,18.98,19.55,1491228773
23,Mart,2018,18.87,18.39,18.95,735697017
22,Mart,2018,18.8,18.78,19.15,950651080
21,Mart,2018,18.9,18.74,19.03,1022293357
20,Mart,2018,18.86,17.91,18.86,1801622332
19,Mart,2018,17.88,17.79,18.34,699013415
16,Mart,2018,18.29,18.12,18.42,760132744
15,Mart,2018,18.17,18.09,18.6,994119577
14,Mart,2018,18.35,18.01,18.67,1492747580
13,Mart,2018,18,17.37,18.11,1515428123
12,Mart,2018,17.54,16.8,17.57,1476029710
9,Mart,2018,16.7,16.66,17.13,934830548
8,Mart,2018,16.87,16.85,17.54,1202790769
7,Mart,2018,17.37,17.1,17.62,1769261426
6,Mart,2018,17.2,17.07,18.44,2618062248
5,Mart,2018,18.73,18.65,19.11,640086254
2,Mart,2018,18.75,18.65,19.57,1058253076
1,Mart,2018,19.54,18.87,19.56,1190775547
28,Şubat,2018,19.07,18.55,19.07,957580875
27,Şubat,2018,18.66,18.58,18.92,703827549
26,Şubat,2018,18.92,18.18,19,980902103
23,Şubat,2018,18.27,17.76,18.27,1257487950
22,Şubat,2018,17.69,17.57,17.93,895224707
21,Şubat,2018,17.65,16.98,17.69,1355772386
20,Şubat,2018,16.7,16.7,17.29,831404692
19,Şubat,2018,17.18,17.03,17.42,700382621
16,Şubat,2018,17.31,17.13,17.44,699265640
15,Şubat,2018,17.22,16.79,17.28,920245146
14,Şubat,2018,16.51,16.44,17.12,837258374
13,Şubat,2018,16.9,16.88,17.4,796793558
12,Şubat,2018,17.18,17,17.52,1091328979
9,Şubat,2018,16.91,15.85,17.02,1447300305
8,Şubat,2018,16.15,16.15,16.9,688518214
7,Şubat,2018,16.66,16.58,17.43,1051080225
6,Şubat,2018,17.13,16.48,17.45,1429269329
5,Şubat,2018,17.31,16.33,17.35,1492520518
2,Şubat,2018,16.63,16.62,16.97,631633849
1,Şubat,2018,16.78,16.56,17.07,1036032245
31,Ocak,2018,16.48,15.72,16.48,1250118804
30,Ocak,2018,15.7,15.48,15.81,879243778
29,Ocak,2018,15.66,15.4,15.72,596349099
26,Ocak,2018,15.41,15.08,15.46,550397320
25,Ocak,2018,15.19,15.1,15.63,583667189
24,Ocak,2018,15.51,15.35,15.77,601669091
23,Ocak,2018,15.62,15.49,15.83,855909736
22,Ocak,2018,15.41,15.12,15.44,592512456
19,Ocak,2018,14.99,14.95,15.56,703777688
18,Ocak,2018,15.36,15.32,15.62,757080670
17,Ocak,2018,15.45,15.34,15.75,997159195
16,Ocak,2018,15.5,14.58,15.5,1215752441
15,Ocak,2018,14.63,14.62,15.55,758460060
12,Ocak,2018,15.5,15.48,15.93,774462689
11,Ocak,2018,15.66,15.06,15.66,986616457
10,Ocak,2018,15.25,15.25,16.1,1068404413
9,Ocak,2018,16.1,16.1,16.45,565233166
8,Ocak,2018,16.29,16.29,16.55,461270256
5,Ocak,2018,16.33,16.18,16.55,905325072
4,Ocak,2018,16.29,16.18,16.51,886020698
3,Ocak,2018,16.2,15.92,16.23,646250890
2,Ocak,2018,16.08,15.67,16.18,709012777
29,Aralık,2017,15.69,15.55,15.99,643140347
28,Aralık,2017,15.72,15.42,15.82,928014842
27,Aralık,2017,15.38,14.77,15.44,812416051
26,Aralık,2017,15.12,14.89,15.14,337726644
25,Aralık,2017,15,14.72,15.33,564380645
22,Aralık,2017,15.15,15.08,15.77,880457052
21,Aralık,2017,15.44,14.9,15.65,1287106123
20,Aralık,2017,15.15,14.82,15.15,591011752
19,Aralık,2017,14.89,14.59,14.89,806108714
18,Aralık,2017,14.63,14.36,14.74,756739392
15,Aralık,2017,14.26,14.18,14.53,762502118
14,Aralık,2017,14.41,13.77,14.51,1198719145
13,Aralık,2017,13.65,13.64,13.97,547498204
12,Aralık,2017,13.9,13.25,14.03,1016833001
11,Aralık,2017,13.42,13.37,13.76,870049651
8,Aralık,2017,13.59,13.32,13.63,884949215
7,Aralık,2017,13.31,12.69,13.35,1097548013
6,Aralık,2017,12.73,12.57,12.84,627689444
5,Aralık,2017,12.8,12.25,12.82,1182035092
4,Aralık,2017,12.72,12.52,12.74,798494582
1,Aralık,2017,12.5,12.17,12.55,793007494
30,Kasım,2017,12.26,12.04,12.39,1413104367
29,Kasım,2017,11.9,11.19,12,1944474293
28,Kasım,2017,11.18,11.18,12.23,2052451540
27,Kasım,2017,11.84,11.38,12.01,1707554644
24,Kasım,2017,11.39,11.15,11.6,1416287672
23,Kasım,2017,11.25,11,11.29,1200691967
22,Kasım,2017,11.1,10.63,11.19,1785342042
21,Kasım,2017,10.8,10.17,10.81,1620517686
20,Kasım,2017,10.27,10.08,10.48,1048654506
17,Kasım,2017,10.46,10.01,10.5,1337118973
16,Kasım,2017,10.1,9.94,10.32,939241944
15,Kasım,2017,10.1,9.86,10.69,1805884328
14,Kasım,2017,10.44,9.74,10.5,1669002580
13,Kasım,2017,9.79,9.63,10.09,1631491653
10,Kasım,2017,10.01,9.96,10.57,1397100710
9,Kasım,2017,10.51,10.38,10.86,1605707199
8,Kasım,2017,10.55,10.22,10.76,1687124409
7,Kasım,2017,10.58,10.58,11.16,1666781344
6,Kasım,2017,11.05,10.49,11.6,1449121970
3,Kasım,2017,10.43,10.31,10.6,772030610
2,Kasım,2017,10.46,10.4,10.66,660153923
1,Kasım,2017,10.51,10.41,10.67,1231561453
31,Ekim,2017,10.38,10.23,10.47,927404788
30,Ekim,2017,10.21,10.15,10.34,871962471
27,Ekim,2017,10.1,9.88,10.11,1034123103
26,Ekim,2017,9.87,9.87,10.19,1101254362
25,Ekim,2017,10.04,9.9,10.1,918047406
24,Ekim,2017,9.88,9.88,10.06,1133363803
23,Ekim,2017,9.88,9.74,10.08,1243107340
20,Ekim,2017,9.88,9.84,10.2,1482725513
19,Ekim,2017,9.94,9.6,9.95,1107087700
18,Ekim,2017,9.6,9.5,9.64,880168357
17,Ekim,2017,9.49,9.35,9.58,902026844
16,Ekim,2017,9.35,9.2,9.35,1059514100
13,Ekim,2017,9.15,9.08,9.24,1228157909
12,Ekim,2017,9.13,8.98,9.13,1144836521
11,Ekim,2017,8.85,8.58,9.01,2289669781
10,Ekim,2017,8.66,8.56,8.72,1350537058
9,Ekim,2017,8.43,8.27,8.68,1964242421
6,Ekim,2017,9.29,9.07,9.3,881770229
5,Ekim,2017,9.14,9.08,9.27,620120319
4,Ekim,2017,9.18,9.01,9.27,1210491429
3,Ekim,2017,8.94,8.88,9.11,794802702
2,Ekim,2017,9.06,8.76,9.07,670902014
29,Eylül,2017,8.75,8.73,8.97,803311241
28,Eylül,2017,8.91,8.62,8.94,890887928
27,Eylül,2017,8.6,8.54,9.04,1013401148
26,Eylül,2017,9,8.78,9.07,987468387
25,Eylül,2017,8.77,8.77,9.32,1108095789
22,Eylül,2017,9.38,9.22,9.38,666376966
21,Eylül,2017,9.24,9.22,9.42,741141287
20,Eylül,2017,9.32,9.06,9.39,906142266
19,Eylül,2017,9.21,9.07,9.53,1024588589
18,Eylül,2017,9.27,9.26,9.87,997800865
15,Eylül,2017,9.81,9.8,10.04,650937986
14,Eylül,2017,9.92,9.88,10.13,565084050
13,Eylül,2017,10.03,10.03,10.41,625575652
12,Eylül,2017,10.47,10.13,10.54,1179947021
11,Eylül,2017,10.23,9.94,10.24,852137026
8,Eylül,2017,9.89,9.85,10.09,486056101
7,Eylül,2017,10.04,9.8,10.05,846650469
6,Eylül,2017,9.83,9.7,9.85,445255860
5,Eylül,2017,9.71,9.7,9.9,461583528
31,Ağustos,2017,9.76,9.75,9.8,112577592
29,Ağustos,2017,9.77,9.71,9.88,463106944
28,Ağustos,2017,9.88,9.7,9.89,635993090
25,Ağustos,2017,9.66,9.59,9.72,642681978
24,Ağustos,2017,9.52,9.47,9.69,759497737
23,Ağustos,2017,9.46,9.45,9.61,595314890
22,Ağustos,2017,9.56,9.32,9.61,852930141
21,Ağustos,2017,9.39,9.23,9.4,415129676
18,Ağustos,2017,9.26,9.13,9.3,438445997
17,Ağustos,2017,9.3,9.29,9.43,681131500
16,Ağustos,2017,9.3,9.08,9.46,957836721
15,Ağustos,2017,9.28,9.17,9.7,971056847
14,Ağustos,2017,9.5,9.05,9.56,1146645394
11,Ağustos,2017,9,8.73,9,682495089
10,Ağustos,2017,8.84,8.84,9,308148071
9,Ağustos,2017,8.92,8.89,9.02,381772124
8,Ağustos,2017,9.05,9.01,9.1,416809678
7,Ağustos,2017,9.07,8.95,9.07,538944535
4,Ağustos,2017,8.87,8.68,8.87,573540778
3,Ağustos,2017,8.67,8.62,8.72,462580804
2,Ağustos,2017,8.66,8.63,8.74,462531529
1,Ağustos,2017,8.64,8.64,8.89,482017670
31,Temmuz,2017,8.83,8.68,8.83,454697757
28,Temmuz,2017,8.66,8.62,8.75,456382011
27,Temmuz,2017,8.78,8.74,8.82,446343138
26,Temmuz,2017,8.69,8.69,8.84,355784250
25,Temmuz,2017,8.79,8.76,8.9,434537068
24,Temmuz,2017,8.84,8.84,8.95,501701493
21,Temmuz,2017,8.84,8.61,8.86,863441375
20,Temmuz,2017,8.74,8.72,9.01,926072508
19,Temmuz,2017,8.96,8.91,9.01,722611855
18,Temmuz,2017,8.86,8.8,8.94,546433722
17,Temmuz,2017,8.94,8.84,8.95,484471915
14,Temmuz,2017,8.83,8.75,8.87,489266441
13,Temmuz,2017,8.76,8.61,8.8,565515460
12,Temmuz,2017,8.6,8.57,8.7,481141983
11,Temmuz,2017,8.62,8.56,8.76,820714838
10,Temmuz,2017,8.67,8.45,8.68,791671685
7,Temmuz,2017,8.38,8.31,8.49,700303538
6,Temmuz,2017,8.31,8.17,8.37,747799251
5,Temmuz,2017,8.23,8.21,8.39,515752787
4,Temmuz,2017,8.35,8.13,8.38,1021677079
3,Temmuz,2017,8.06,8.06,8.16,426657036
30,Haziran,2017,8.05,7.84,8.07,589017640
29,Haziran,2017,7.81,7.76,8.13,764535390
28,Haziran,2017,7.99,7.74,8.03,638951545
23,Haziran,2017,7.77,7.58,7.77,383020581
22,Haziran,2017,7.6,7.49,7.6,362505581
21,Haziran,2017,7.45,7.37,7.48,313341368
20,Haziran,2017,7.41,7.36,7.51,342661466
19,Haziran,2017,7.45,7.33,7.45,310661584
16,Haziran,2017,7.27,7.27,7.43,288182546
15,Haziran,2017,7.36,7.33,7.47,314730590
14,Haziran,2017,7.44,7.31,7.45,483655955
13,Haziran,2017,7.31,7.24,7.44,517374927
12,Haziran,2017,7.38,7.34,7.48,358875155
9,Haziran,2017,7.39,7.35,7.46,390978380
8,Haziran,2017,7.33,7.31,7.47,452926044
7,Haziran,2017,7.42,7.4,7.61,753074336
6,Haziran,2017,7.49,7.36,7.52,574574039
5,Haziran,2017,7.42,7.22,7.48,1015782064
2,Haziran,2017,7.27,7.15,7.31,575479916
1,Haziran,2017,7.15,7.09,7.27,400759571
31,Mayıs,2017,7.24,7.21,7.34,394013953
30,Mayıs,2017,7.24,7.18,7.33,505540615
29,Mayıs,2017,7.31,7.27,7.36,296663515
26,Mayıs,2017,7.28,7.23,7.32,395569645
25,Mayıs,2017,7.29,7.14,7.34,624450137
24,Mayıs,2017,7.14,7.11,7.27,769180142
23,Mayıs,2017,7.08,6.83,7.09,676660166
22,Mayıs,2017,6.85,6.77,6.92,489140911
18,Mayıs,2017,6.69,6.64,6.79,453346961
17,Mayıs,2017,6.77,6.66,6.9,977032398
16,Mayıs,2017,6.72,6.66,6.78,578121185
15,Mayıs,2017,6.66,6.57,6.67,417824652
12,Mayıs,2017,6.5,6.48,6.62,380908554
11,Mayıs,2017,6.5,6.47,6.73,702760614
10,Mayıs,2017,6.65,6.39,6.76,612472384
9,Mayıs,2017,6.44,6.39,6.5,596792030
8,Mayıs,2017,6.43,6.14,6.47,1185734154
5,Mayıs,2017,6.13,6.12,6.19,296725023
4,Mayıs,2017,6.14,6.11,6.19,366041843
3,Mayıs,2017,6.11,6.07,6.16,430420002
2,Mayıs,2017,6.07,6.06,6.14,355718715
28,Nisan,2017,6.06,6,6.14,493961591
27,Nisan,2017,6.06,6.06,6.22,673055933
26,Nisan,2017,6.1,5.9,6.18,954845649
25,Nisan,2017,5.92,5.82,5.95,462233741
24,Nisan,2017,5.92,5.72,5.95,862315626
21,Nisan,2017,5.67,5.59,5.68,468918574
20,Nisan,2017,5.59,5.55,5.6,315304631
19,Nisan,2017,5.51,5.48,5.61,425501486
18,Nisan,2017,5.55,5.52,5.57,249460933
17,Nisan,2017,5.53,5.5,5.6,287326930
14,Nisan,2017,5.48,5.42,5.51,245413559
13,Nisan,2017,5.45,5.45,5.6,335381712
12,Nisan,2017,5.56,5.56,5.61,198376674
11,Nisan,2017,5.55,5.55,5.63,429858880
10,Nisan,2017,5.59,5.45,5.65,536590394
7,Nisan,2017,5.43,5.42,5.47,180391575
6,Nisan,2017,5.45,5.44,5.49,196631785
5,Nisan,2017,5.48,5.46,5.52,146947670
4,Nisan,2017,5.5,5.38,5.52,312201249
3,Nisan,2017,5.4,5.4,5.49,206772294
31,Mart,2017,5.47,5.45,5.53,228796163
30,Mart,2017,5.47,5.46,5.51,171247020
29,Mart,2017,5.46,5.46,5.52,305306331
28,Mart,2017,5.55,5.54,5.62,516019112
27,Mart,2017,5.54,5.51,5.6,418335497
24,Mart,2017,5.53,5.49,5.57,520120877
23,Mart,2017,5.49,5.43,5.56,605253604
22,Mart,2017,5.5,5.48,5.66,776975153
21,Mart,2017,5.74,5.73,5.93,595398553
20,Mart,2017,5.91,5.86,5.94,300055747
17,Mart,2017,5.89,5.84,5.97,351084634
16,Mart,2017,5.92,5.89,5.99,524709513
15,Mart,2017,5.86,5.8,5.98,734205942
14,Mart,2017,5.81,5.61,5.82,693465478
13,Mart,2017,5.65,5.61,5.69,380138687
10,Mart,2017,5.61,5.53,5.63,242432619
9,Mart,2017,5.51,5.51,5.6,195045510
8,Mart,2017,5.57,5.54,5.69,257589598
7,Mart,2017,5.66,5.65,5.73,281180469
6,Mart,2017,5.7,5.68,5.76,327689471
5,Mart,2017,5.7,5.67,5.75,329801188
3,Mart,2017,5.7,5.67,5.75,329801188
2,Mart,2017,5.71,5.66,5.76,396223134
1,Mart,2017,5.68,5.45,5.69,500061046
28,Şubat,2017,5.46,5.41,5.56,340071746
27,Şubat,2017,5.54,5.53,5.67,249251112
24,Şubat,2017,5.65,5.63,5.79,492949499
23,Şubat,2017,5.74,5.71,5.78,301005036
22,Şubat,2017,5.71,5.69,5.8,347218951
21,Şubat,2017,5.72,5.72,5.76,151684597
20,Şubat,2017,5.72,5.71,5.79,320657319
17,Şubat,2017,5.71,5.67,5.72,260067903
16,Şubat,2017,5.68,5.65,5.73,314135798
15,Şubat,2017,5.64,5.58,5.7,511829563
14,Şubat,2017,5.74,5.69,5.78,518647592
13,Şubat,2017,5.72,5.61,5.75,384858185
10,Şubat,2017,5.58,5.58,5.79,383665097
9,Şubat,2017,5.75,5.7,5.82,559639101
8,Şubat,2017,5.75,5.57,5.76,623187337
7,Şubat,2017,5.56,5.52,5.61,372038959
6,Şubat,2017,5.6,5.6,5.78,538228347
3,Şubat,2017,5.68,5.63,5.71,378090717
2,Şubat,2017,5.68,5.65,5.74,674038939
1,Şubat,2017,5.65,5.51,5.66,475589441
31,Ocak,2017,5.54,5.52,5.67,718345039
30,Ocak,2017,5.6,5.37,5.64,781530755
27,Ocak,2017,5.35,5.35,5.49,376976645
26,Ocak,2017,5.47,5.36,5.53,463955569
25,Ocak,2017,5.36,5.36,5.57,528810085
24,Ocak,2017,5.5,5.18,5.5,842238626
23,Ocak,2017,5.2,5.17,5.24,232117401
20,Ocak,2017,5.19,5.12,5.2,299317353
19,Ocak,2017,5.15,5.13,5.25,313444813
18,Ocak,2017,5.22,5.18,5.25,424027480
17,Ocak,2017,5.17,5.07,5.18,521168272
16,Ocak,2017,5.1,5.03,5.15,420814880
13,Ocak,2017,5.01,4.95,5.11,654850658
12,Ocak,2017,4.97,4.83,5.02,525832567
11,Ocak,2017,4.82,4.76,4.85,289922266
10,Ocak,2017,4.83,4.82,4.89,229485638
9,Ocak,2017,4.88,4.85,4.91,185811891
6,Ocak,2017,4.94,4.91,5,218343445
5,Ocak,2017,4.96,4.79,4.98,418602712
4,Ocak,2017,4.82,4.82,4.91,146541382
3,Ocak,2017,4.88,4.88,4.99,273815329
2,Ocak,2017,4.97,4.95,5,120532276
30,Aralık,2016,5.01,4.99,5.05,149143255
29,Aralık,2016,5.03,5,5.06,132315849
28,Aralık,2016,5.04,4.93,5.04,197454081
27,Aralık,2016,4.95,4.91,4.98,106921027
26,Aralık,2016,4.97,4.94,4.99,31248139
23,Aralık,2016,4.94,4.94,5.02,106664220
22,Aralık,2016,4.99,4.98,5.07,138111370
21,Aralık,2016,5.05,5.03,5.09,154043376
20,Aralık,2016,5.06,4.98,5.06,253988485
19,Aralık,2016,5.01,4.94,5.04,298028845
16,Aralık,2016,4.94,4.93,4.99,211349839
15,Aralık,2016,4.96,4.76,4.97,345294576
14,Aralık,2016,4.8,4.79,4.84,143456282
13,Aralık,2016,4.81,4.75,4.83,261128065
12,Aralık,2016,4.77,4.66,4.78,222726360
9,Aralık,2016,4.78,4.78,4.87,220946310
8,Aralık,2016,4.84,4.81,4.92,254906131
7,Aralık,2016,4.87,4.78,4.9,380672112
6,Aralık,2016,4.83,4.71,4.85,302843609
5,Aralık,2016,4.71,4.67,4.78,313054243
2,Aralık,2016,4.79,4.56,4.84,365230718
1,Aralık,2016,4.63,4.54,4.83,344314197
30,Kasım,2016,4.81,4.78,4.99,343628307
29,Kasım,2016,4.96,4.95,5.04,239722747
28,Kasım,2016,5.04,5.01,5.1,225170208
25,Kasım,2016,5.04,4.98,5.07,174279389
24,Kasım,2016,5.02,4.99,5.15,283539774
23,Kasım,2016,5.12,5.09,5.25,208298112
22,Kasım,2016,5.22,5.22,5.27,170497786
21,Kasım,2016,5.26,5.22,5.33,385337236
18,Kasım,2016,5.16,5.11,5.17,203705206
17,Kasım,2016,5.14,5.13,5.22,165570723
16,Kasım,2016,5.17,5.16,5.26,160686598
15,Kasım,2016,5.23,5.19,5.24,144436589
14,Kasım,2016,5.18,5.17,5.27,210867220
11,Kasım,2016,5.22,5.21,5.29,164779039
10,Kasım,2016,5.25,5.25,5.41,342276997
9,Kasım,2016,5.35,5.12,5.37,306125513
8,Kasım,2016,5.28,5.2,5.31,276805884
7,Kasım,2016,5.3,5.15,5.3,292258681
4,Kasım,2016,5.08,5.06,5.28,373600905
3,Kasım,2016,5.34,5.32,5.44,214972747
2,Kasım,2016,5.4,5.35,5.42,202047804
1,Kasım,2016,5.37,5.37,5.53,335720504
31,Ekim,2016,5.44,5.41,5.5,206408631
28,Ekim,2016,5.47,5.44,5.52,128563751
27,Ekim,2016,5.51,5.5,5.61,196233868
26,Ekim,2016,5.59,5.56,5.65,193296851
25,Ekim,2016,5.62,5.62,5.74,319909067
24,Ekim,2016,5.71,5.61,5.74,261262723
21,Ekim,2016,5.58,5.58,5.64,174573358
20,Ekim,2016,5.64,5.59,5.71,394020184
19,Ekim,2016,5.59,5.53,5.63,390009427
18,Ekim,2016,5.55,5.47,5.57,417599663
17,Ekim,2016,5.51,5.38,5.52,255278569
14,Ekim,2016,5.42,5.38,5.46,195924612
13,Ekim,2016,5.43,5.43,5.5,409007970
12,Ekim,2016,5.44,5.38,5.45,431925918
11,Ekim,2016,5.36,5.29,5.36,311544741
10,Ekim,2016,5.33,5.28,5.37,387504666
7,Ekim,2016,5.27,5.23,5.35,221148228
6,Ekim,2016,5.31,5.31,5.42,354662244
5,Ekim,2016,5.35,5.13,5.35,548508938
4,Ekim,2016,5.14,5.13,5.19,208927360
3,Ekim,2016,5.15,5.14,5.19,125895653
30,Eylül,2016,5.14,5.13,5.16,116796990
29,Eylül,2016,5.16,5.13,5.21,253360873
28,Eylül,2016,5.16,5.14,5.19,181048188
27,Eylül,2016,5.13,5.12,5.18,169778050
26,Eylül,2016,5.12,5.09,5.15,305899429
23,Eylül,2016,5.34,5.31,5.42,470884694
22,Eylül,2016,5.32,5.23,5.32,433787794
21,Eylül,2016,5.2,5.19,5.23,192554343
20,Eylül,2016,5.18,5.16,5.26,289238517
19,Eylül,2016,5.17,5.15,5.19,169531486
16,Eylül,2016,5.13,5.11,5.34,234274617
9,Eylül,2016,5.28,5.18,5.39,607998796
8,Eylül,2016,5.17,5.13,5.21,203353984
7,Eylül,2016,5.14,5.13,5.21,135316172
6,Eylül,2016,5.18,5.18,5.27,197461425
5,Eylül,2016,5.25,5.18,5.26,192040849
2,Eylül,2016,5.18,5.14,5.2,171200546
1,Eylül,2016,5.15,5.12,5.19,164979648
31,Ağustos,2016,5.16,5.13,5.19,172225285
29,Ağustos,2016,5.16,5.15,5.26,228911869
26,Ağustos,2016,5.15,5.08,5.17,120816753
25,Ağustos,2016,5.13,5.12,5.21,174166394
24,Ağustos,2016,5.14,5.04,5.17,243262776
23,Ağustos,2016,5.26,5.26,5.37,268376027
22,Ağustos,2016,5.28,5.25,5.38,338590440
19,Ağustos,2016,5.41,5.27,5.42,309933709
18,Ağustos,2016,5.32,5.28,5.42,231490077
17,Ağustos,2016,5.36,5.32,5.41,278277126
16,Ağustos,2016,5.32,5.3,5.53,448443546
15,Ağustos,2016,5.59,5.58,5.67,221361402
12,Ağustos,2016,5.62,5.61,5.74,365598898
11,Ağustos,2016,5.71,5.6,5.72,415717617
10,Ağustos,2016,5.61,5.58,5.84,476491267
9,Ağustos,2016,5.73,5.48,5.89,1132016258
8,Ağustos,2016,5.46,5.2,5.47,538135707
5,Ağustos,2016,5.15,5.12,5.22,170967739
4,Ağustos,2016,5.15,5.08,5.15,173039260
3,Ağustos,2016,5.1,5.07,5.22,183214844
2,Ağustos,2016,5.2,5.19,5.29,249281174
1,Ağustos,2016,5.22,5.19,5.25,199789347
29,Temmuz,2016,5.17,5.1,5.2,203991169
28,Temmuz,2016,5.15,5.14,5.22,199594736
27,Temmuz,2016,5.15,5.08,5.18,206372570
26,Temmuz,2016,5.08,5.06,5.19,252592180
25,Temmuz,2016,5.15,4.99,5.17,248809518
22,Temmuz,2016,4.95,4.86,5.02,305145123
21,Temmuz,2016,4.87,4.81,4.99,378288034
20,Temmuz,2016,5.05,5.03,5.2,334476582
19,Temmuz,2016,5.12,5.11,5.31,850863178
18,Temmuz,2016,5.21,4.84,5.72,912682589
15,Temmuz,2016,5.96,5.93,6.02,385356081
14,Temmuz,2016,6.03,5.95,6.07,538203205
13,Temmuz,2016,6,5.93,6.07,758230090
12,Temmuz,2016,5.93,5.76,5.96,815154886
11,Temmuz,2016,5.81,5.63,5.82,388897027
8,Temmuz,2016,5.62,5.61,5.74,317823820
4,Temmuz,2016,5.73,5.71,5.75,46992943
1,Temmuz,2016,5.73,5.71,5.77,196185362
30,Haziran,2016,5.72,5.72,5.85,313072595
29,Haziran,2016,5.81,5.76,5.93,598953669
28,Haziran,2016,5.97,5.94,6.08,595591309
27,Haziran,2016,5.89,5.67,5.93,621958551
24,Haziran,2016,5.67,5.48,5.69,334416602
23,Haziran,2016,5.83,5.78,5.87,367965488
22,Haziran,2016,5.81,5.81,5.97,298222298
21,Haziran,2016,5.92,5.74,5.97,559222262
20,Haziran,2016,5.77,5.74,5.81,269312689
17,Haziran,2016,5.72,5.7,5.81,234110574
16,Haziran,2016,5.74,5.72,5.8,185565795
15,Haziran,2016,5.82,5.81,5.93,378337400
14,Haziran,2016,5.85,5.72,5.96,576443077
13,Haziran,2016,5.77,5.68,5.86,422372797
10,Haziran,2016,5.9,5.91,6.07,349899074
9,Haziran,2016,6.06,6.04,6.16,339349440
8,Haziran,2016,6.09,6.06,6.14,361328401
7,Haziran,2016,6.1,6.08,6.27,473436416
6,Haziran,2016,6.22,6.22,6.28,340313411
3,Haziran,2016,6.22,6.1,6.24,417692756
2,Haziran,2016,6.12,6.1,6.2,231836237
1,Haziran,2016,6.13,6.14,6.27,272431774
31,Mayıs,2016,6.22,6.24,6.37,364075876
30,Mayıs,2016,6.33,6.17,6.33,340689508
27,Mayıs,2016,6.17,6.15,6.25,244578903
26,Mayıs,2016,6.21,6.12,6.25,496152996
25,Mayıs,2016,6.23,6.22,6.31,446012625
24,Mayıs,2016,6.26,6.1,6.31,795966640
23,Mayıs,2016,6.15,5.99,6.17,345983531
20,Mayıs,2016,6.04,6.03,6.16,328840107
18,Mayıs,2016,6.11,6.06,6.21,546494105
17,Mayıs,2016,6.24,6.01,6.27,593906839
16,Mayıs,2016,6.13,6.1,6.31,416373149
13,Mayıs,2016,6.21,6.2,6.39,580712156
12,Mayıs,2016,6.41,6.39,6.64,567597222
11,Mayıs,2016,6.62,6.61,6.69,304755673
10,Mayıs,2016,6.65,6.53,6.72,654301148
9,Mayıs,2016,6.72,6.63,6.74,420756011
6,Mayıs,2016,6.65,6.49,6.69,433225168
5,Mayıs,2016,6.65,6.55,6.76,648312825
4,Mayıs,2016,6.7,6.5,6.79,826281395
3,Mayıs,2016,6.61,6.6,6.88,567639547
2,Mayıs,2016,6.84,6.83,6.93,298002815
29,Nisan,2016,6.9,6.89,7.02,276945979
28,Nisan,2016,6.99,6.98,7.08,416213658
27,Nisan,2016,7.02,6.95,7.05,415680629
26,Nisan,2016,6.97,6.86,7.02,539869886
25,Nisan,2016,6.93,6.93,7.07,368464855
22,Nisan,2016,7.04,6.9,7.08,649453813
21,Nisan,2016,6.91,6.86,7.11,638396821
20,Nisan,2016,6.99,6.93,7.48,1041746311
19,Nisan,2016,7.5,7.5,7.6,531898650
18,Nisan,2016,7.56,7.52,7.65,489950015
15,Nisan,2016,7.57,7.54,7.73,510787832
14,Nisan,2016,7.71,7.67,7.81,640122468
13,Nisan,2016,7.74,7.65,7.75,613733063
12,Nisan,2016,7.63,7.61,7.77,501198950
11,Nisan,2016,7.72,7.53,7.75,570571000
8,Nisan,2016,7.55,7.44,7.59,440254628
7,Nisan,2016,7.52,7.52,7.71,510174780
6,Nisan,2016,7.62,7.6,7.88,574827706
5,Nisan,2016,7.81,7.76,7.92,644609650
4,Nisan,2016,7.84,7.73,7.86,423717788
1,Nisan,2016,7.72,7.71,7.8,379333845
31,Mart,2016,7.79,7.77,7.85,414118953
30,Mart,2016,7.77,7.7,7.81,468094752
29,Mart,2016,7.63,7.63,7.72,394197070
28,Mart,2016,7.62,7.6,7.66,219624278
25,Mart,2016,7.63,7.62,7.7,254197402
24,Mart,2016,7.61,7.5,7.64,507261648
23,Mart,2016,7.51,7.48,7.62,542135193
22,Mart,2016,7.58,7.55,7.92,1020609222
21,Mart,2016,7.96,7.83,8,711711040
18,Mart,2016,7.91,7.83,7.93,499955273
17,Mart,2016,7.84,7.8,7.88,565677415
16,Mart,2016,7.75,7.61,7.77,516456341
15,Mart,2016,7.66,7.65,7.91,617632530
14,Mart,2016,7.91,7.8,7.97,616251349
11,Mart,2016,7.79,7.63,7.8,539686540
10,Mart,2016,7.6,7.6,7.73,725874953
9,Mart,2016,7.69,7.57,7.69,532312326
8,Mart,2016,7.57,7.54,7.63,408775267
7,Mart,2016,7.61,7.55,7.7,603530887
4,Mart,2016,7.63,7.37,7.65,738441072
3,Mart,2016,7.42,7.39,7.54,479323993
2,Mart,2016,7.47,7.45,7.54,450571267
1,Mart,2016,7.45,7.41,7.54,555887248
29,Şubat,2016,7.32,7.1,7.33,443577861
26,Şubat,2016,7.13,7.09,7.22,447746038
25,Şubat,2016,7.1,6.98,7.14,498512487
24,Şubat,2016,6.94,6.93,7.21,454039295
23,Şubat,2016,7.16,7.08,7.21,481485118
22,Şubat,2016,7.09,6.91,7.11,462147626
19,Şubat,2016,6.85,6.82,6.92,278248129
18,Şubat,2016,6.93,6.76,6.95,545297876
17,Şubat,2016,6.83,6.59,6.85,575840883
16,Şubat,2016,6.62,6.57,6.68,493879895
15,Şubat,2016,6.56,6.47,6.7,542314961
12,Şubat,2016,6.66,6.66,6.85,494079843
11,Şubat,2016,6.79,6.69,6.86,531761120
10,Şubat,2016,6.88,6.82,6.96,528379106
9,Şubat,2016,6.83,6.73,6.92,603966769
8,Şubat,2016,6.89,6.88,7.26,716210029
5,Şubat,2016,7.23,7.23,7.31,438252381
4,Şubat,2016,7.29,7.25,7.33,639405365
3,Şubat,2016,7.22,7.16,7.3,519637274
2,Şubat,2016,7.22,7.22,7.38,430521300
1,Şubat,2016,7.29,7.25,7.33,300041198
29,Ocak,2016,7.31,7.26,7.37,542749449
28,Ocak,2016,7.23,7.21,7.39,490678932
27,Ocak,2016,7.28,7.24,7.38,548164801
26,Ocak,2016,7.29,7.04,7.32,582594714
25,Ocak,2016,7.12,7.09,7.18,242255833
22,Ocak,2016,7.12,7.04,7.15,344715351
21,Ocak,2016,7.06,6.94,7.11,355282580
20,Ocak,2016,7.05,7.03,7.24,329707298
19,Ocak,2016,7.23,7.2,7.29,357231211
18,Ocak,2016,7.16,7.07,7.21,378243609
15,Ocak,2016,7.1,7.07,7.27,587522638
14,Ocak,2016,7.2,7.16,7.37,613998012
13,Ocak,2016,7.34,7.3,7.4,525552170
12,Ocak,2016,7.27,7.22,7.38,580853579
11,Ocak,2016,7.29,7.13,7.33,440455537
8,Ocak,2016,7.22,7.21,7.37,355061133
7,Ocak,2016,7.32,7.12,7.33,447524575
6,Ocak,2016,7.21,7.07,7.26,595249070
5,Ocak,2016,7.24,7.08,7.26,479455179
4,Ocak,2016,7.14,7.12,7.25,340558482
31,Aralık,2015,7.39,7.3,7.51,227147280
30,Aralık,2015,7.38,7.35,7.53,220979745
29,Aralık,2015,7.49,7.47,7.6,323135664
28,Aralık,2015,7.53,7.42,7.64,419608487
25,Aralık,2015,7.4,7.38,7.43,94127980
24,Aralık,2015,7.42,7.42,7.51,184001904
23,Aralık,2015,7.48,7.46,7.56,437477255
22,Aralık,2015,7.44,7.32,7.52,535087948
21,Aralık,2015,7.49,7.23,7.53,646639163
18,Aralık,2015,7.23,7.19,7.34,465218173
17,Aralık,2015,7.33,7.28,7.4,611249759
16,Aralık,2015,7.27,7.13,7.35,872759806
15,Aralık,2015,7.23,6.84,7.29,954778201
14,Aralık,2015,6.8,6.76,7.06,736509573
11,Aralık,2015,6.88,6.88,7.31,972688341
10,Aralık,2015,7.25,7.21,7.67,1012194143
9,Aralık,2015,7.64,7.45,7.66,656751189
8,Aralık,2015,7.47,7.46,7.72,495186770
7,Aralık,2015,7.63,7.44,7.7,592606635
4,Aralık,2015,7.6,7.44,7.75,666644585
3,Aralık,2015,7.7,7.69,7.99,607012503
2,Aralık,2015,7.9,7.88,8.07,702292968
1,Aralık,2015,7.93,7.69,7.96,536590698
30,Kasım,2015,7.66,7.65,7.91,354650567
27,Kasım,2015,7.83,7.72,7.91,461281883
26,Kasım,2015,7.73,7.71,8,416064581
25,Kasım,2015,7.95,7.82,8.04,737707862
24,Kasım,2015,7.92,7.92,8.59,862958505
23,Kasım,2015,8.53,8.52,8.77,348396556
20,Kasım,2015,8.76,8.75,8.86,307717159
19,Kasım,2015,8.76,8.72,8.82,350096079
18,Kasım,2015,8.71,8.7,8.97,476781372
17,Kasım,2015,8.93,8.92,9.06,298308206
16,Kasım,2015,8.98,8.98,9.18,341560140
13,Kasım,2015,9.22,9.2,9.32,294494468
12,Kasım,2015,9.28,9.15,9.29,288128940
11,Kasım,2015,9.17,9.12,9.21,257995871
10,Kasım,2015,9.09,9.09,9.25,290240234
9,Kasım,2015,9.16,9.16,9.29,265764460
6,Kasım,2015,9.2,9.08,9.28,250424177
5,Kasım,2015,9.27,9.14,9.28,387434477
4,Kasım,2015,9.2,9.11,9.24,393210679
3,Kasım,2015,9.07,9.04,9.23,278406959
2,Kasım,2015,9.2,9.1,9.33,580632696
30,Ekim,2015,8.61,8.24,8.61,249462256
28,Ekim,2015,8.3,8.26,8.32,51184575
27,Ekim,2015,8.3,8.27,8.43,149221309
26,Ekim,2015,8.41,8.4,8.55,162120321
23,Ekim,2015,8.51,8.5,8.63,267574049
22,Ekim,2015,8.53,8.5,8.58,218961331
21,Ekim,2015,8.52,8.48,8.66,303122050
20,Ekim,2015,8.67,8.46,8.68,342324016
19,Ekim,2015,8.48,8.42,8.57,248936449
16,Ekim,2015,8.4,8.38,8.58,220725863
15,Ekim,2015,8.53,8.53,8.75,356554703
14,Ekim,2015,8.59,8.43,8.6,212651603
13,Ekim,2015,8.42,8.4,8.63,213588808
12,Ekim,2015,8.57,8.4,8.62,324673523
9,Ekim,2015,8.5,8.5,8.63,286049087
8,Ekim,2015,8.54,8.43,8.61,228127514
7,Ekim,2015,8.48,8.45,8.57,311754457
6,Ekim,2015,8.43,8.27,8.51,306614326
5,Ekim,2015,8.31,8.14,8.35,265565697
2,Ekim,2015,8.08,7.99,8.08,297551634
1,Ekim,2015,8,7.98,8.06,202198860
30,Eylül,2015,7.97,7.97,8.09,193068200
29,Eylül,2015,8.01,7.88,8.04,239862388
28,Eylül,2015,7.93,7.93,8.17,137134442
23,Eylül,2015,8.11,8.11,8.21,55955960
22,Eylül,2015,8.21,8.17,8.32,166660957
21,Eylül,2015,8.27,8.14,8.27,295039246
18,Eylül,2015,8.22,8.04,8.26,193646267
17,Eylül,2015,8.17,8.09,8.18,177441571
16,Eylül,2015,8.1,8.02,8.13,219527656
15,Eylül,2015,8.05,7.85,8.08,216595641
14,Eylül,2015,7.94,7.75,7.96,183217465
11,Eylül,2015,7.76,7.76,7.96,220170840
10,Eylül,2015,7.93,7.87,7.99,203994630
9,Eylül,2015,7.95,7.95,8.17,235709366
8,Eylül,2015,8.05,7.81,8.06,274873184
7,Eylül,2015,7.85,7.63,7.85,177105470
4,Eylül,2015,7.76,7.61,7.84,281425508
3,Eylül,2015,7.72,7.6,7.84,258282774
2,Eylül,2015,7.77,7.76,7.88,204313833
1,Eylül,2015,7.77,7.74,7.98,253196571
31,Ağustos,2015,8.05,7.93,8.05,189496502
28,Ağustos,2015,7.96,7.93,8.14,216904404
27,Ağustos,2015,8.11,8.1,8.28,233058128
26,Ağustos,2015,8.11,7.97,8.19,259758562
25,Ağustos,2015,8.06,7.82,8.11,312835514
24,Ağustos,2015,7.77,7.55,8.06,414627035
21,Ağustos,2015,8.21,8.2,8.43,334578419
20,Ağustos,2015,8.45,8.19,8.52,367307851
19,Ağustos,2015,8.38,8.37,8.84,371426944
18,Ağustos,2015,8.75,8.73,9.1,196805796
17,Ağustos,2015,9.06,9.03,9.26,298067308
14,Ağustos,2015,9.08,8.82,9.11,194706599
13,Ağustos,2015,8.91,8.67,9.05,234679134
12,Ağustos,2015,9.04,8.97,9.18,150877096
11,Ağustos,2015,9.15,8.99,9.17,239612463
10,Ağustos,2015,8.83,8.8,9.14,148087336
7,Ağustos,2015,9.09,8.97,9.15,186399594
6,Ağustos,2015,9.1,8.94,9.1,196558556
5,Ağustos,2015,8.9,8.87,9.04,161507199
4,Ağustos,2015,9,8.89,9.03,126707616
3,Ağustos,2015,8.88,8.84,9.1,136570081
31,Temmuz,2015,9.03,8.83,9.03,207284654
30,Temmuz,2015,8.83,8.78,8.95,131973887
29,Temmuz,2015,8.86,8.84,9.01,151679929
28,Temmuz,2015,8.94,8.68,8.97,209847883
27,Temmuz,2015,8.63,8.61,8.89,149070895
24,Temmuz,2015,8.85,8.75,8.93,168977143
23,Temmuz,2015,8.82,8.8,9.25,206050480
22,Temmuz,2015,9.26,9.08,9.29,192376834
21,Temmuz,2015,9.21,9.09,9.22,121161671
20,Temmuz,2015,9.06,8.97,9.23,127690722
16,Temmuz,2015,9.18,9.12,9.25,44523717
15,Temmuz,2015,9.24,9.17,9.37,152163612
14,Temmuz,2015,9.29,9.24,9.51,181913159
13,Temmuz,2015,9.38,9.3,9.42,191176108
10,Temmuz,2015,9.29,9.28,9.45,137231109
9,Temmuz,2015,9.29,9.08,9.29,146002736
8,Temmuz,2015,9.02,9.01,9.21,171657512
7,Temmuz,2015,9.18,9.12,9.26,215774434
6,Temmuz,2015,9.15,8.82,9.15,226647797
3,Temmuz,2015,8.81,8.81,9.02,100416338
2,Temmuz,2015,8.99,8.85,9.02,149371654
1,Temmuz,2015,8.89,8.82,9.03,149074233
30,Haziran,2015,8.8,8.73,8.94,146153156
29,Haziran,2015,8.84,8.83,9.01,161003311
26,Haziran,2015,9.09,9.08,9.16,120690150
25,Haziran,2015,9.16,9.07,9.22,222768985
24,Haziran,2015,9.11,8.95,9.13,134252996
23,Haziran,2015,8.95,8.94,9.12,101187993
22,Haziran,2015,9.09,9.03,9.16,130379123
19,Haziran,2015,9.04,8.91,9.05,165087747
18,Haziran,2015,8.95,8.9,8.98,120680951
17,Haziran,2015,8.85,8.76,8.87,128630030
16,Haziran,2015,8.72,8.62,8.78,169312860
15,Haziran,2015,8.58,8.57,8.78,110818399
12,Haziran,2015,8.67,8.66,8.8,167002616
11,Haziran,2015,8.75,8.65,8.78,227597874
10,Haziran,2015,8.61,8.43,8.68,202746622
9,Haziran,2015,8.4,8.38,8.56,180668893
8,Haziran,2015,8.42,8.1,8.43,273662387
5,Haziran,2015,9,8.92,9.16,207594030
4,Haziran,2015,9.07,8.81,9.08,223367379
3,Haziran,2015,9.04,8.84,9.07,203754489
2,Haziran,2015,8.87,8.71,8.94,215809966
1,Haziran,2015,8.77,8.71,9.03,156439170
29,Mayıs,2015,9.02,9.02,9.35,250567250
28,Mayıs,2015,9.32,9.32,9.41,189112761
27,Mayıs,2015,9.38,9.22,9.38,247114391
26,Mayıs,2015,9.21,9.18,9.43,222358037
25,Mayıs,2015,9.22,9.18,9.37,107508387
22,Mayıs,2015,9.32,9.11,9.42,190153465
21,Mayıs,2015,9.26,9.26,9.64,242482620
20,Mayıs,2015,9.6,9.56,9.79,244675947
18,Mayıs,2015,9.8,9.67,9.83,215912476
15,Mayıs,2015,9.67,9.52,9.76,289047137
14,Mayıs,2015,9.57,9.49,9.62,238639333
13,Mayıs,2015,9.45,9.38,9.48,165761454
12,Mayıs,2015,9.38,9.2,9.41,482123948
11,Mayıs,2015,9.13,8.93,9.17,240227763
8,Mayıs,2015,8.97,8.71,8.99,237517562
7,Mayıs,2015,8.88,8.68,8.91,192628198
6,Mayıs,2015,8.74,8.73,8.99,228606185
5,Mayıs,2015,8.94,8.94,9.13,197725787
4,Mayıs,2015,9.06,8.83,9.08,199232482
30,Nisan,2015,8.88,8.86,9.28,246412011
29,Nisan,2015,9.26,9.23,9.33,166730471
28,Nisan,2015,9.24,9.24,9.46,203019154
27,Nisan,2015,9.37,9.22,9.41,217765805
24,Nisan,2015,9.28,9.17,9.3,159039146
22,Nisan,2015,9.16,9.11,9.3,226719857
21,Nisan,2015,9.22,8.97,9.22,321763158
20,Nisan,2015,9,8.92,9.03,155852802
17,Nisan,2015,8.88,8.87,9,104452757
16,Nisan,2015,8.89,8.77,8.94,264404151
15,Nisan,2015,8.8,8.8,8.98,205096862
14,Nisan,2015,9.03,8.9,9.06,240725685
13,Nisan,2015,9.06,8.93,9.08,205669077
10,Nisan,2015,8.98,8.93,9.18,202573644
9,Nisan,2015,9.1,9.01,9.15,219726774
8,Nisan,2015,9.04,8.79,9.07,293480860
7,Nisan,2015,8.83,8.83,9.02,275683715
6,Nisan,2015,9,8.86,9.14,300096605
3,Nisan,2015,9.12,8.91,9.16,227169628
2,Nisan,2015,8.93,8.75,9.03,311699927
1,Nisan,2015,8.83,8.62,8.88,265400832
31,Mart,2015,8.59,8.58,8.95,270379833
30,Mart,2015,8.9,8.57,8.91,208858783
27,Mart,2015,8.63,8.34,8.68,211990742
26,Mart,2015,8.47,8.37,8.5,172699163
25,Mart,2015,8.71,8.71,8.86,160226750
24,Mart,2015,8.73,8.71,9.01,148113333
23,Mart,2015,9.01,8.93,9.07,138045493
20,Mart,2015,8.94,8.88,9,216553986
19,Mart,2015,8.88,8.73,8.97,234252075
18,Mart,2015,8.63,8.53,8.73,184062805
17,Mart,2015,8.7,8.43,8.73,216209182
16,Mart,2015,8.42,8.24,8.45,255413389
13,Mart,2015,8.13,8.13,8.41,175339377
12,Mart,2015,8.37,8.23,8.5,170678595
11,Mart,2015,8.35,8.16,8.41,171273251
10,Mart,2015,8.25,8.22,8.6,316026138
9,Mart,2015,8.52,8.5,8.66,176152981
6,Mart,2015,8.46,8.4,8.74,246843411
5,Mart,2015,8.55,8.23,8.68,337466318
4,Mart,2015,8.66,8.64,8.96,189951862
3,Mart,2015,8.95,8.87,9.1,226088305
2,Mart,2015,9.02,9.01,9.15,194235090
27,Şubat,2015,9.05,8.89,9.16,312660571
26,Şubat,2015,9,9,9.33,576568399
25,Şubat,2015,9.3,9.28,9.77,536926280
24,Şubat,2015,9.61,9.46,9.63,217150481
23,Şubat,2015,9.45,9.18,9.45,160796376
20,Şubat,2015,9.25,9.25,9.44,168166392
19,Şubat,2015,9.49,9.42,9.54,192138107
18,Şubat,2015,9.33,9.26,9.41,274916260
17,Şubat,2015,9.27,9.2,9.48,401386444
16,Şubat,2015,9.3,9.14,9.33,202945998
13,Şubat,2015,9.1,9.09,9.27,221634629
12,Şubat,2015,9.28,8.93,9.28,370853016
11,Şubat,2015,8.98,8.83,9.1,446184005
10,Şubat,2015,8.94,8.71,9.02,339677373
9,Şubat,2015,8.72,8.63,8.83,187038987
6,Şubat,2015,8.76,8.72,9.01,182392883
5,Şubat,2015,9,8.81,9.2,254535446
4,Şubat,2015,8.99,8.72,9.09,458426995
3,Şubat,2015,8.89,8.88,9.25,349004655
2,Şubat,2015,9.25,9.19,9.33,250120261
30,Ocak,2015,9.38,9.36,9.68,199256455
29,Ocak,2015,9.49,9.36,9.53,180060252
28,Ocak,2015,9.43,9.43,9.66,207156564
27,Ocak,2015,9.58,9.53,9.84,374624014
26,Ocak,2015,9.71,9.36,9.74,345107104
23,Ocak,2015,9.36,9.36,9.58,380442927
22,Ocak,2015,9.52,9.26,9.62,543240980
21,Ocak,2015,9.45,9.42,9.82,435166241
20,Ocak,2015,9.65,9.09,9.66,729223280
19,Ocak,2015,9,9,9.4,421380419
16,Ocak,2015,9.3,9.27,9.48,295543918
15,Ocak,2015,9.33,9.31,9.76,490644187
14,Ocak,2015,9.71,9.68,9.92,258919259
13,Ocak,2015,9.87,9.87,10.04,219412264
12,Ocak,2015,9.91,9.9,10.1,304226112
9,Ocak,2015,9.96,9.87,10.1,242942204
8,Ocak,2015,10.1,10,10.25,112656312
7,Ocak,2015,10.05,9.95,10.35,176674102
6,Ocak,2015,10.2,10.05,10.45,163395243
5,Ocak,2015,10.2,9.75,10.2,316607024
2,Ocak,2015,9.72,9.59,9.79,112107463
31,Aralık,2014,9.63,9.57,9.8,223196070
30,Aralık,2014,9.6,9.35,9.6,251215864
29,Aralık,2014,9.33,9.3,9.43,90285026
26,Aralık,2014,9.36,9.32,9.39,75202968
25,Aralık,2014,9.33,9.32,9.43,51661843
24,Aralık,2014,9.37,9.3,9.44,153683921
23,Aralık,2014,9.28,9.28,9.62,376053370
22,Aralık,2014,9.61,9.36,9.62,352468213
19,Aralık,2014,9.46,9.36,9.55,223826396
18,Aralık,2014,9.38,9.2,9.48,365326094
17,Aralık,2014,9.29,9.09,9.45,371095539
16,Aralık,2014,9.27,9.03,9.74,475847867
15,Aralık,2014,9.6,9.25,9.67,327115664
12,Aralık,2014,9.58,9.48,9.76,311578738
11,Aralık,2014,9.71,9.42,9.91,539622361
10,Aralık,2014,9.67,9.34,9.67,461491672
9,Aralık,2014,9.29,9.28,9.81,400265703
8,Aralık,2014,9.67,9.47,9.69,397140746
5,Aralık,2014,9.5,9.35,9.57,418210751
4,Aralık,2014,9.43,9.03,9.46,420051652
3,Aralık,2014,8.98,8.98,9.21,324698256
2,Aralık,2014,9.15,8.9,9.22,513351064
1,Aralık,2014,8.93,8.92,9.58,649732474
28,Kasım,2014,9.21,8.7,9.43,922058859
27,Kasım,2014,8.59,8.49,8.67,232565540
26,Kasım,2014,8.52,8.43,8.61,233867683
25,Kasım,2014,8.48,8.22,8.51,371249406
24,Kasım,2014,8.18,8.1,8.24,172575203
21,Kasım,2014,8.21,8.14,8.37,353693292
20,Kasım,2014,8.33,8.08,8.33,269671164
19,Kasım,2014,8.08,8.02,8.23,240550597
18,Kasım,2014,8.16,7.91,8.19,331318408
17,Kasım,2014,7.98,7.96,8.2,237603002
14,Kasım,2014,8.1,8.05,8.21,252710448
13,Kasım,2014,8.09,7.94,8.17,378881930
12,Kasım,2014,8,7.87,8.05,427636466
11,Kasım,2014,7.85,7.49,7.87,648799682
10,Kasım,2014,7.37,7.36,7.55,133300088
7,Kasım,2014,7.5,7.32,7.59,259223975
6,Kasım,2014,7.53,7.38,7.57,361647708
5,Kasım,2014,7.39,7.39,7.71,249519167
4,Kasım,2014,7.62,7.4,7.67,299034916
3,Kasım,2014,7.39,7.26,7.41,220761298
31,Ekim,2014,7.29,7.27,7.38,179801568
30,Ekim,2014,7.29,7.08,7.33,369925332
28,Ekim,2014,7.23,7.13,7.25,127047122
27,Ekim,2014,7.16,6.97,7.17,292768552
24,Ekim,2014,6.99,6.94,7.04,143284485
23,Ekim,2014,7,6.88,7.02,272018312
22,Ekim,2014,6.93,6.89,7.06,334941737
21,Ekim,2014,6.93,6.53,6.95,414957662
20,Ekim,2014,6.54,6.36,6.54,255335504
17,Ekim,2014,6.33,6.27,6.41,340059974
16,Ekim,2014,6.29,6.24,6.43,223241747
15,Ekim,2014,6.36,6.3,6.41,257892703
14,Ekim,2014,6.25,6.21,6.38,353424380
13,Ekim,2014,6.37,6.35,6.45,252483822
10,Ekim,2014,6.33,6.33,6.47,176011732
9,Ekim,2014,6.52,6.44,6.55,219375819
8,Ekim,2014,6.35,6.35,6.5,139049732
3,Ekim,2014,6.57,6.5,6.58,35985823
2,Ekim,2014,6.53,6.46,6.59,91075011
1,Ekim,2014,6.45,6.45,6.55,111277372
30,Eylül,2014,6.47,6.41,6.59,152564801
29,Eylül,2014,6.56,6.42,6.56,141203711
26,Eylül,2014,6.44,6.3,6.47,102517408
25,Eylül,2014,6.32,6.3,6.44,134694697
24,Eylül,2014,6.4,6.38,6.61,132828755
23,Eylül,2014,6.57,6.55,6.69,129958997
22,Eylül,2014,6.61,6.58,6.67,105646455
19,Eylül,2014,6.64,6.64,6.81,95546062
18,Eylül,2014,6.75,6.73,6.82,128807011
17,Eylül,2014,6.87,6.82,6.89,201844744
16,Eylül,2014,6.8,6.73,6.87,194620802
15,Eylül,2014,6.86,6.74,6.87,131590523
12,Eylül,2014,6.77,6.72,6.88,134850992
11,Eylül,2014,6.85,6.79,6.93,230768780
10,Eylül,2014,6.84,6.75,6.9,205379114
9,Eylül,2014,6.89,6.89,7.16,224243268
8,Eylül,2014,7.14,7.1,7.17,160742187
5,Eylül,2014,7.13,7.02,7.15,182877049
4,Eylül,2014,7.09,7.07,7.14,207689251
3,Eylül,2014,7.1,6.92,7.1,323047167
2,Eylül,2014,6.92,6.91,6.98,203821130
1,Eylül,2014,6.91,6.85,6.92,61998911
29,Ağustos,2014,6.85,6.84,6.96,119569888
28,Ağustos,2014,6.87,6.84,6.93,69296557
27,Ağustos,2014,6.89,6.89,7.01,136632940
26,Ağustos,2014,6.97,6.92,7.01,177589909
25,Ağustos,2014,6.94,6.8,6.95,140820579
22,Ağustos,2014,6.8,6.74,6.82,95326910
21,Ağustos,2014,6.78,6.75,6.87,251120919
20,Ağustos,2014,6.81,6.62,6.84,700410170
19,Ağustos,2014,6.44,6.25,6.44,234770300
18,Ağustos,2014,6.3,6.05,6.31,154149502
15,Ağustos,2014,6.08,6.07,6.31,116652645
14,Ağustos,2014,6.26,6.25,6.36,117084762
13,Ağustos,2014,6.32,6.25,6.35,142563198
12,Ağustos,2014,6.25,6.17,6.26,87240291
11,Ağustos,2014,6.17,6.17,6.41,134819081
8,Ağustos,2014,6.31,6.17,6.31,105458016
7,Ağustos,2014,6.31,6.31,6.41,91153997
6,Ağustos,2014,6.37,6.34,6.46,96020967
5,Ağustos,2014,6.46,6.44,6.57,129167827
4,Ağustos,2014,6.45,6.43,6.54,110147556
1,Ağustos,2014,6.41,6.36,6.51,96749889
31,Temmuz,2014,6.45,6.45,6.67,94138750
25,Temmuz,2014,6.62,6.62,6.68,67388901
24,Temmuz,2014,6.65,6.63,6.69,107276107
23,Temmuz,2014,6.65,6.65,6.72,109551470
22,Temmuz,2014,6.65,6.63,6.67,75970738
21,Temmuz,2014,6.62,6.62,6.69,96470475
18,Temmuz,2014,6.63,6.54,6.66,222625045
17,Temmuz,2014,6.74,6.73,6.86,159763164
16,Temmuz,2014,6.82,6.82,6.86,167500603
15,Temmuz,2014,6.83,6.72,6.84,244751222
14,Temmuz,2014,6.78,6.77,6.83,173337568
11,Temmuz,2014,6.75,6.64,6.77,223340675
10,Temmuz,2014,6.6,6.59,6.69,153222797
9,Temmuz,2014,6.68,6.53,6.72,473878640
8,Temmuz,2014,6.51,6.51,6.65,172187260
7,Temmuz,2014,6.62,6.46,6.64,146956468
4,Temmuz,2014,6.5,6.49,6.55,94742749
3,Temmuz,2014,6.49,6.33,6.49,220855847
2,Temmuz,2014,6.34,6.27,6.37,143924254
1,Temmuz,2014,6.34,6.33,6.51,155868063
30,Haziran,2014,6.49,6.49,6.6,156878637
27,Haziran,2014,6.56,6.54,6.62,97456568
26,Haziran,2014,6.55,6.55,6.66,154769816
25,Haziran,2014,6.63,6.53,6.65,108931212
24,Haziran,2014,6.6,6.6,6.71,190701211
23,Haziran,2014,6.64,6.62,6.68,145124312
20,Haziran,2014,6.64,6.62,6.68,50372082
19,Haziran,2014,6.7,6.69,6.79,154509169
18,Haziran,2014,6.69,6.63,6.74,191648132
17,Haziran,2014,6.66,6.62,6.76,265357194
16,Haziran,2014,6.62,6.53,6.62,172661554
13,Haziran,2014,6.67,6.67,6.86,284179377
12,Haziran,2014,6.88,6.75,6.96,389544317
11,Haziran,2014,6.89,6.84,7.19,422207578
10,Haziran,2014,7.19,7.16,7.21,174520845
9,Haziran,2014,7.18,7.17,7.26,242126888
6,Haziran,2014,7.21,7.14,7.22,252676731
5,Haziran,2014,7.13,7.04,7.17,296476667
4,Haziran,2014,7.04,7.03,7.14,122847301
3,Haziran,2014,7.13,7.13,7.23,195708670
2,Haziran,2014,7.19,7.13,7.22,356121769
30,Mayıs,2014,7.13,7.09,7.17,222531678
29,Mayıs,2014,7.12,7.07,7.12,221911021
28,Mayıs,2014,7.04,7.03,7.15,342181391
27,Mayıs,2014,7.07,7.06,7.18,259611848
26,Mayıs,2014,7.15,7.07,7.17,261854265
23,Mayıs,2014,7.05,7.05,7.14,353785986
22,Mayıs,2014,7.05,6.95,7.08,379462129
21,Mayıs,2014,6.97,6.87,7.01,276470873
20,Mayıs,2014,6.87,6.83,6.95,170614161
16,Mayıs,2014,6.89,6.81,6.93,194858673
15,Mayıs,2014,6.87,6.87,7.12,303066534
14,Mayıs,2014,7.08,6.9,7.1,588283463
13,Mayıs,2014,6.93,6.81,6.95,472313032
12,Mayıs,2014,6.8,6.69,6.8,331312829
9,Mayıs,2014,6.7,6.69,6.78,173158553
8,Mayıs,2014,6.76,6.64,6.77,345534551
7,Mayıs,2014,6.66,6.6,6.71,184319519
6,Mayıs,2014,6.69,6.65,6.75,249061632
5,Mayıs,2014,6.65,6.65,6.77,202019021
2,Mayıs,2014,6.75,6.74,6.86,392359972
30,Nisan,2014,6.75,6.54,6.77,247211989
29,Nisan,2014,6.56,6.56,6.66,214264073
28,Nisan,2014,6.59,6.47,6.62,222628997
25,Nisan,2014,6.54,6.52,6.73,203728755
24,Nisan,2014,6.71,6.7,6.85,140862788
22,Nisan,2014,6.82,6.82,6.93,156531734
21,Nisan,2014,6.9,6.83,6.93,168081447
18,Nisan,2014,6.84,6.8,6.87,142897766
17,Nisan,2014,6.77,6.7,6.78,206154521
16,Nisan,2014,6.72,6.57,6.74,326577355
15,Nisan,2014,6.66,6.66,6.82,224558647
14,Nisan,2014,6.78,6.67,6.8,207261243
11,Nisan,2014,6.71,6.59,6.73,183471159
10,Nisan,2014,6.75,6.73,6.82,192153864
9,Nisan,2014,6.73,6.72,6.96,266833886
8,Nisan,2014,6.91,6.89,6.95,308640981
7,Nisan,2014,6.87,6.79,6.91,254889532
4,Nisan,2014,6.83,6.76,6.88,265032764
3,Nisan,2014,6.82,6.81,6.92,239670482
2,Nisan,2014,6.84,6.69,6.88,467007355
1,Nisan,2014,6.66,6.59,6.67,309397020
31,Mart,2014,6.59,6.49,6.68,264735214
28,Mart,2014,6.35,6.25,6.36,212976159
27,Mart,2014,6.2,6.16,6.39,366527203
26,Mart,2014,6.28,6.15,6.32,346157216
25,Mart,2014,6.09,6.01,6.14,143206518
24,Mart,2014,6,6,6.19,101131829
21,Mart,2014,6.14,6.12,6.21,100795007
20,Mart,2014,6.19,6.12,6.23,190066372
19,Mart,2014,6.13,6.08,6.41,298088788
18,Mart,2014,6.4,6.3,6.42,200136250
17,Mart,2014,6.29,6.27,6.34,128152436
14,Mart,2014,6.23,6.21,6.37,171770774
13,Mart,2014,6.28,6.19,6.32,184715107
12,Mart,2014,6.18,6.02,6.22,218917144
11,Mart,2014,6.09,6.04,6.16,241004364
10,Mart,2014,6.02,6.01,6.27,251060737
7,Mart,2014,6.31,6.31,6.58,287547049
6,Mart,2014,6.68,6.57,6.69,218627956
5,Mart,2014,6.55,6.52,6.61,160569701
4,Mart,2014,6.55,6.4,6.57,179233608
3,Mart,2014,6.34,6.33,6.5,138581812
28,Şubat,2014,6.58,6.53,6.63,180827675
27,Şubat,2014,6.54,6.48,6.59,115551190
26,Şubat,2014,6.58,6.58,6.78,142882510
25,Şubat,2014,6.66,6.61,6.72,89843006
24,Şubat,2014,6.87,6.82,6.88,56118335
21,Şubat,2014,6.85,6.77,6.93,179519482
20,Şubat,2014,6.91,6.69,6.93,182371245
19,Şubat,2014,6.78,6.67,6.85,174002137
18,Şubat,2014,6.85,6.85,7.03,216429485
17,Şubat,2014,7.07,7.07,7.18,157402143
14,Şubat,2014,7.11,7.11,7.27,217103053
13,Şubat,2014,7.18,7.02,7.22,244617648
12,Şubat,2014,7.06,7.04,7.11,94991997
11,Şubat,2014,7.01,6.97,7.11,159031336
10,Şubat,2014,7.04,6.98,7.08,117013588
7,Şubat,2014,7.04,7.04,7.16,184789318
6,Şubat,2014,7.13,7.04,7.14,200746346
5,Şubat,2014,6.99,6.96,7.08,215539355
4,Şubat,2014,6.94,6.61,6.95,281865231
3,Şubat,2014,6.75,6.72,6.83,82948061
31,Ocak,2014,6.74,6.74,7,210564573
30,Ocak,2014,6.98,6.9,7.06,248838310
29,Ocak,2014,7.02,6.7,7.1,306615388
28,Ocak,2014,6.92,6.91,7.15,197454653
27,Ocak,2014,7.07,6.94,7.16,299339966
24,Ocak,2014,7.07,6.83,7.15,391480337
23,Ocak,2014,6.99,6.97,7.27,409491351
22,Ocak,2014,7.26,7.16,7.31,275441125
21,Ocak,2014,7.13,7.08,7.21,303825231
20,Ocak,2014,7.01,6.73,7.07,347450464
17,Ocak,2014,6.79,6.61,7.24,354342664
16,Ocak,2014,7.18,7.17,7.36,290104869
15,Ocak,2014,7.32,7.22,7.37,424074243
14,Ocak,2014,7.22,7.05,7.23,355862483
13,Ocak,2014,7.17,7.17,7.29,303984382
10,Ocak,2014,7.11,6.88,7.14,306021580
9,Ocak,2014,6.87,6.71,6.91,188630597
8,Ocak,2014,6.79,6.74,6.95,360718248
7,Ocak,2014,6.84,6.62,6.9,474554614
6,Ocak,2014,6.71,6.36,6.73,279096552
3,Ocak,2014,6.41,6.32,6.51,222156181
2,Ocak,2014,6.36,6.25,6.44,194047048
31,Aralık,2013,6.44,6.2,6.62,258223765
30,Aralık,2013,6.36,5.92,6.4,188322393
27,Aralık,2013,5.8,5.52,6,233020152
26,Aralık,2013,6,5.94,6.36,184681790
25,Aralık,2013,6.2,6.14,6.72,133617647
24,Aralık,2013,6.58,6.34,6.58,117927273
23,Aralık,2013,6.34,6.24,6.72,127010912
20,Aralık,2013,6.6,6.58,6.78,131359300
19,Aralık,2013,6.6,6.6,7,192983823
18,Aralık,2013,6.92,6.42,6.94,185517566
17,Aralık,2013,6.8,6.72,7.14,161422435
16,Aralık,2013,7.24,7.14,7.28,151872964
13,Aralık,2013,7.2,7.06,7.2,124747508
12,Aralık,2013,7.06,7.04,7.22,132477116
11,Aralık,2013,7.24,7.12,7.28,115315598
10,Aralık,2013,7.18,7.12,7.24,102227533
9,Aralık,2013,7.22,7.22,7.36,96002413
6,Aralık,2013,7.2,6.9,7.22,201905470
5,Aralık,2013,7,6.96,7.1,119150604
4,Aralık,2013,7.08,6.94,7.14,168777780
3,Aralık,2013,7.14,7.14,7.38,173211063
2,Aralık,2013,7.38,7.38,7.58,122729641
29,Kasım,2013,7.48,7.36,7.5,79453484
28,Kasım,2013,7.4,7.38,7.52,66700554
27,Kasım,2013,7.42,7.4,7.52,105351528
26,Kasım,2013,7.46,7.44,7.66,120610644
25,Kasım,2013,7.66,7.64,7.76,263501545
22,Kasım,2013,7.54,7.48,7.58,104400286
21,Kasım,2013,7.48,7.38,7.52,132094349
20,Kasım,2013,7.56,7.38,7.58,146885732
19,Kasım,2013,7.4,7.4,7.7,149820166
18,Kasım,2013,7.64,7.5,7.66,113496064
15,Kasım,2013,7.48,7.4,7.58,122122286
14,Kasım,2013,7.36,7.22,7.4,125367693
13,Kasım,2013,7.12,6.98,7.24,173424122
12,Kasım,2013,7.22,7.14,7.28,189562411
11,Kasım,2013,7.16,7.1,7.64,248517429
8,Kasım,2013,7.54,7.5,7.76,114011671
7,Kasım,2013,7.7,7.68,7.94,130567734
6,Kasım,2013,7.76,7.64,7.82,83170378
5,Kasım,2013,7.66,7.62,7.88,73096871
4,Kasım,2013,7.86,7.72,7.92,115495683
1,Kasım,2013,7.92,7.76,7.94,110243974
31,Ekim,2013,7.82,7.82,7.96,150626237
30,Ekim,2013,8,7.96,8.32,162205297
28,Ekim,2013,8.26,8.24,8.34,49934421
25,Ekim,2013,8.28,8.22,8.42,141050197
24,Ekim,2013,8.34,8.22,8.36,117016421
23,Ekim,2013,8.16,8.16,8.38,132618486
22,Ekim,2013,8.36,8.22,8.44,186779851
21,Ekim,2013,8.24,7.92,8.3,238987951
14,Ekim,2013,7.78,7.76,7.82,17968610
11,Ekim,2013,7.78,7.72,7.8,69237333
10,Ekim,2013,7.62,7.56,7.72,95792154
9,Ekim,2013,7.48,7.36,7.58,130765769
8,Ekim,2013,7.64,7.64,7.78,60071984
7,Ekim,2013,7.74,7.72,7.82,67673173
4,Ekim,2013,7.8,7.74,7.84,140245910
3,Ekim,2013,7.72,7.7,7.78,71317931
2,Ekim,2013,7.68,7.66,7.84,103866768
1,Ekim,2013,7.76,7.72,7.82,113971670
30,Eylül,2013,7.7,7.38,7.7,199973776
27,Eylül,2013,7.54,7.54,7.72,105576612
26,Eylül,2013,7.66,7.66,7.84,137595059
25,Eylül,2013,7.78,7.76,7.92,198777155
24,Eylül,2013,7.86,7.74,7.96,308198672
23,Eylül,2013,7.74,7.62,7.84,217147690
20,Eylül,2013,7.82,7.64,7.88,346394483
19,Eylül,2013,7.64,7.58,7.88,477507627
18,Eylül,2013,7.2,7.12,7.28,307290334
17,Eylül,2013,7.1,7.04,7.16,195368671
16,Eylül,2013,7.1,7.02,7.14,277973507
13,Eylül,2013,6.8,6.8,7.04,250815757
12,Eylül,2013,6.98,6.9,7.08,307183038
11,Eylül,2013,6.88,6.78,7.24,732040576
10,Eylül,2013,6.92,6.28,6.92,529660672
9,Eylül,2013,6.24,5.92,6.26,342246086
6,Eylül,2013,5.96,5.9,6.12,178509972
5,Eylül,2013,6.02,5.94,6.22,158340200
4,Eylül,2013,6.22,6.22,6.4,160762020
3,Eylül,2013,6.24,6.2,6.52,131053331
2,Eylül,2013,6.44,6.38,6.56,140767828
29,Ağustos,2013,6.32,6.32,6.58,274889666
28,Ağustos,2013,6.44,6.14,6.7,392274040
27,Ağustos,2013,6.8,6.78,7.4,233785733
26,Ağustos,2013,7.46,7.02,7.48,107897282
23,Ağustos,2013,7.32,7.32,7.56,111051287
22,Ağustos,2013,7.32,7.02,7.42,200480145
21,Ağustos,2013,7.44,7.44,8.06,180102699
20,Ağustos,2013,8.04,7.88,8.32,145873236
19,Ağustos,2013,8.4,8.38,8.52,71379672
16,Ağustos,2013,8.54,8.3,8.54,111353114
15,Ağustos,2013,8.34,8.3,8.6,78544092
14,Ağustos,2013,8.48,8.46,8.62,80190767
13,Ağustos,2013,8.56,8.56,8.8,136053110
12,Ağustos,2013,8.7,8.44,8.7,121206567
7,Ağustos,2013,8.44,8.32,8.44,30677124
6,Ağustos,2013,8.36,8.34,8.44,89810561
5,Ağustos,2013,8.24,8.16,8.28,71419181
2,Ağustos,2013,8.2,8.1,8.22,58872386
1,Ağustos,2013,8.1,8.1,8.24,86225217
31,Temmuz,2013,8.16,8.1,8.26,88391549
30,Temmuz,2013,8.22,8.12,8.26,95139613
29,Temmuz,2013,8.1,8.08,8.2,89525203
26,Temmuz,2013,8.12,8.06,8.28,173415145
